cluster_shc,user_serendipity
9,0.6505533076758727
10,0.6302459800184288
