cluster_shc,user_serendipity
1,0.7304280714697788
2,0.7236660668394698
